Fuente,Author,Title,Cant.,Abstract,Cant.,Keywords,Cant.,Publication Title,Year,Url
Gscholar,"Gonzalez, M. V.; Miravé, J. P.; Saluzzo, J. A.; Rattin, J.; Tognetti, J. A.",Relaciones entre el Tamaño y la Conservación de Bulbos de Cebolla para Diferentes Cultivares y Condiciones de Almacenamiento,18,"Se estudió la influencia del tamaño de los bulbos de cebolla sobre las tasas de brotación y pérdida de peso en poscosecha, en experimentos con cultivares de diferente precocidad y bajo temperaturas de almacenamiento contrastantes. El período de dormición de los bulbos chicos no difirió respecto de la de los bulbos de calibre grande, mientras que la pérdida de peso de aquellos fue superior a la de los bulbos grandes, en relación directa con su mayor cociente superficie:volumen. El incremento en las pérdidas de peso atribuible al tamaño pequeño de bulbos fue importante bajo condiciones de almacenamiento comercial (no refrigerada), en períodos prolongados de almacenamiento, o en cultivares de ciclo corto. Esto sugiere la conveniencia de la clasificación de bulbos con el fin de efectuar la comercialización anticipada de los de menor calibre, especialmente para las situaciones antedichas o en cultivos destinados a la exportación. ",146,"Allium cepa, conservación poscosecha, brotación, tasa de pérdida de peso.",10,FAVE Sección Ciencias Agrarias,2005,http://bibliotecavirtual.unl.edu.ar/ojs/index.php/FAVEAgrarias/article/download/1310/2057
Redalyc,"González, A. M.; Romano, E.; Tracanna, M. I.; Rachi, A.; Medvescigh, J.; Popich, S.; Benavente, A.",108-PRODUCTO NATURAL COMO ALTERNATIVA DE CONTROL DE ENFERMEDADES FÚNGICAS EN OLIVO,0,"A partir de partes aéreas de Xenophyllum poposum (Phil) V.A. Funk (ex. Werneria poposa Phil. ), cuyo nombre común en Argentina es “poposa”, “puposa” o “fosfosa”, se aisló e identificó la sustancia 2R-(-)-6-hidroxitremetona. En el presente trabajo se evaluó, in vitro, la actividad antifúngica de esta sustancia, frente a Fusarium semitectum Berk. and Rav, hongo fitopatógeno, aislado de la rizosfera de cultivares de olivo (Olea europea L.) en el valle Antinaco- Los Colorados, departamento Chilecito, provincia de La Rioja, Argentina. Mediante la técnica de difusión en agar se ensayaron diferentes concentraciones: 20, 30 y 40 µg/mL de 2R-(-)-6-hidroxitremetona. La concentración de 40 µg/mL produjo mayor inhibición del crecimiento frente a F. semitectum",0,"Fusarium semitectum, 2R-(-)-6-hidroxitremetona, olivo. ",0,Boletín Latinoamericano y del Caribe de Plantas Medicinales y Aromáticas,2007,http://www.researchgate.net/profile/Elida_Romano/publication/237041395_PRODUCTO_NATURAL_COMO_ALTERNATIVA_DE_CONTROL_DE_ENFERMEDADES_FNGICAS_EN_OLIVO/links/0f31752dda449f1ff5000000.pdf
Gscholar,"Echevarria, Ada Lilian; Marano, Claudia Fabiana; Chani, José María; COCIMANO, MA","Composición de la comunidad de aves del Embalse La Angostura, Tafí del Valle, Tucumán, Argentina",0,"Los estudios de las comunidades de aves contribuyen al conocimiento del rol que los humedales pueden cumplir en la conservación de la biodiversidad dentro de los biomas en los que están ubicados. Se realizaron censos de transecta de faja y se calcularon abundancia relativa, frecuencia e índice de importancia relativa. En los 121 censos realizados, se registraron 43.243 individuos, pertenecientes a 68 especies, más 10 especies observadas fuera de censo, distribuidas en 27 familias y 12 ordenes. Las especies con mayores valores en los índices calculados fueron Anas georgica, Fulica ardesiaca, Fulica armillata, Anas flavirostris, Phalacrocorax brasilianus y Vanellus chilensis. Se registraron cuatro nuevas especies de distribución altoandinas (Fulica ardesiaca, Oxyura ferruginea, Anas puna y Plegadis ridgwayi) y la nidificación de cuatro Fulica spp. en forma simultánea. Además se señala por primera vez la nidificación de Coscoroba coscoroba para esta altitud.",0,"humedales, embalses, aves, riqueza de especies.",0,Acta zoológica lilloana,2008,http://www.researchgate.net/profile/Ada_Echevarria/publication/275035191_Comunidad_de_aves_del_Embalse_La_Angostura_Taf_del_Valle_Tucumn_Argentina/links/55303c6c0cf27acb0de8561b.pdf
Scopus,"Cioccale, Marcela A.; Pasquini, Andrea I.; Depetris, Pedro J.","Hallazgo de espeleotemas silíceas en rocas graníticas del batolito de Achala, Sierras Pampeanas de Córdoba",0,"Se presentan los primeros resultados en relación con el hallazgo de espeleotemas silíceas en rocas graníticas del batolito de Achala (Córdoba). Estas espeleotemas constituyen formas de acumulación en un ambiente dominado por procesos erosivos; alcanzando un desarrollo de unos de pocos milímetros hasta dos centímetros de espesor. Se localizan en grietas abiertas y paredes de tafonis. Presentan morfologías variadas que incluyen estalactitas y espeleotemas tipo flowstone. Están compuestas por sílice amorfa (ópalo A), yeso y fragmentos detríticos de cuarzo, feldespatos y micas. El modelado geoquímico, mediante el programa PHREEQC, permite simular la formación de estas espeleotemas a partir de procesos de evaporación del agua que circula a través de la roca fracturada.",0,Espeleotemas; Rocas graníticas; Modelado geoquímico; Ópalo A; Argentina,0,Revista de la Asociación Geológica Argentina,2008,http://www.scielo.org.ar/scielo.php?pid=S0004-48222008000300009&script=sci_arttext
Scopus,"Juri, María D.; Chani, José M.",Variación estacional en la composición de las comunidades de aves en un gradiente urbano,0,"La urbanización afecta de manera compleja la avifauna de una región y numerosos estudios realizados en el Hemisferio Norte muestran una mayor incidencia negativa sobre las especies migratorias. En una zona urbana de la provincia de Tucumán, un trabajo previo reveló que la riqueza de aves aumenta con la cobertura vegetal de las urbanizaciones, si bien no se conoce su patrón estacional ni en qué medida el grado de urbanización afecta de forma diferencial a las especies residentes y a las visitantes. En este trabajo analizamos la variación estacional de la comunidad de aves y evaluamos el impacto de la urbanización sobre las especies residentes y visitantes, en un gradiente urbano durante un período de dos años. La diversidad varió estacionalmente en los tres sitios: en el sitio más urbanizado fue mayor en primavera mientras que en los sitios con urbanización intermedia y menor fue mayor en invierno y otoño. En las zonas urbanas con mayor volumen de vegetación la riqueza de especies en general fue mayor y, en particular, la proporción de especies visitantes. Nuestros datos sugieren que el aumento de jardines y árboles en la ciudad permitiría la llegada de más visitantes, ya sean migratorias o residentes de los entornos naturales que utilizan la ciudad como refugio",0,Urbanización; Migración de aves; Desplazamiento altitudinal; Yungas; Selva pedemontana; Tucumán,0,Ecología austral,2009,http://www.scielo.org.ar/scielo.php?script=sci_arttext&pid=S1667-782X2009000300001
Scielo,"Torres, Ricardo; Jayat, J. Pablo","Modelos predictivos de distribución para cuatro especies de mamíferos (Cingulata, Artiodactyla y Rodentia) típicas del Chaco en Argentina",0,"Los acelerados cambios ambientales producidos por el hombre hacen necesario el estudio detallado del rango geográfico de las especies. En la actualidad, el Chaco argentino constituye una de las ecorregiones con las tasas de transformación más altas, lo que ha colocado a sus mamíferos en una posición delicada desde el punto de vista de la conservación. Mediante técnicas de modelado de la distribución potencial y utilizando el software Maxent, en este trabajo estudiamos el conjunto de variables climático-ambientales más importantes en la predicción de la distribución actual de Catagonus wagneri, Pediolagus salinicola, Priodontes maximus y Tolypeutes matacus. Reportamos además las hipótesis de distribución potencial obtenidas sobre la base de dos umbrales de corte. Estas hipótesis se discuten con el objeto de obtener una aproximación a la distribución real y evaluar sus implicancias en un contexto de conservación. El número de variables explicativas que intervinieron en el ajuste de los modelos no fue superior a siete, siendo la pendiente y la precipitación del mes más seco las más frecuentemente seleccionadas. Los modelos tuvieron un buen desempeño, con valores de AUC superiores a 0.79. Para ninguna de las especies modeladas se obtuvo un porcentaje de área de distribución superior al 30% respecto del total del área de estudio y en todos los casos menos del 3% está incluida dentro de áreas protegidas. C. wagneri es la especie con la menor área geográfica predicha, presentando un distribución disyunta con cuatro parches principales ubicados en la región del chaco semiárido",0,Catagonus; Maxent; ediolagus;Priodontes;Tolypeutes,0,Mastozoología neotropical,2010,http://www.scielo.org.ar/scielo.php?script=sci_arttext&pid=S0327-93832010000200008
Gscholar,"Lobo Allende, Rebeca Isabel; Echevarria, Ada Lilian; Juri, María Dolores","Distribución y abundancia de cuatro especies de aves endémicas del monte en Catamarca y La Rioja, Argentina",0,"El monte de sierras y bolsones es uno de los ambientes áridos menos explorado a nivel de especies de aves. Asthenes steinbachi, Pseudoseisura gutturalis ochroleuca, Teledromas fuscus y Poospiza ornata presentes en este ambiente, son especies endémicas de Argentina, categorizadas como vulnerables a nivel nacional. El objetivo de este trabajo es actualizar su distribución y aportar información sobre su presencia en nuevas localidades de las provincias de Catamarca y La Rioja, y sobre su abundancia y aspectos biológicos y ecológicos. En Catamarca, se realizaron 203 transectas de faja, 82 puntos de radio fijo, y 50 hs de observaciones al azar, registrando 58 individuos de Teledromas fuscus, 20 Pseudoseisura gutturalis ochroleuca, y 2 Poospiza ornata. En La Rioja, se realizaron 308 transectas de faja y 20 hs de observaciones al azar, identificando 17 Asthenes steinbachi, 18 Pseudoseisura gutturalis ochroleuca, 12 Teledromas fuscus, y 16 Poospiza ornata. Se examinaron además ejemplares depositados en la Colección Ornitológica de la Fundación Miguel Lillo (COFML), Tucumán, y se revisaron antecedentes bibliográficos para completar los datos aportados. Se pudo establecer nuevas localidades  de distribución y se aportan datos sobre la abundancia, aspectos biológicos y ecológicos de estas cuatro especies endémicas de Catamarca y La Rioja, relacionando la información obtenida con datos de colección y datos bibliográficos. Este trabajo puede servir de base para futuras investigaciones poblacionales que buscan establecer categorías de conservación en especies endémicas de Monte",0,"Aves, endemismo, distribución, Monte",0,Acta zoológica lilloana,2010,http://www.researchgate.net/profile/Ada_Echevarria/publication/275035439_Distribucin_y_abundancia_de_cuatro_especies_de_aves_endmicas_del_monte_en_Catamarca_y_La_Rioja_Argentina/links/55303df30cf20ea0a06f679e.pdf
Gscholar,"Pérez, Carlos; NY, EUA; Vanek, Steven; NY, EUA; Sherwood, Steven; Chilecito, La Rioja; Garrett, Argentina Karen A.; Kansas, E. U. A.; Perez, C.; Nicklin, C.; others",CAMBIO CLIMÁTICO EN LA ZONA ALTO-ANDINA: IMPLICACIONES Y ESTRATEGIAS DE ADAPTACIÓN PARA PEQUEÑOS AGRICULTORES,0,"El cambio climático representa una importante amenaza a la agricultura sostenible en los Andes. Los agricultores han usado sus conocimientos ecológicos locales e intricados sistemas de producción para enfrentar, adaptarse y reorganizarse de acuerdo con la incertidumbre y riesgos climáticos, que siempre han sido un hecho de vida. Estos sistemas tradicionales generalmente son altamente resilientes, pero los efectos, tasas y variabilidad pronosticados del cambio climático podrían presionarlos más allá de su rango de adaptabilidad. Este artículo revisa el grado de los impactos reales y potenciales de la variabilidad y cambio climático en pequeños agricultores en los altos andinos de Bolivia, Ecuador y Perú. Describe cómo el cambio climático impacta a la agricultura a través de la desglaciación, cambios en la hidrología, suelo y poblaciones de plagas enfermedades. El artículo destaca algunas estrategias adaptativas prometedoras o potenciales que están en uso por parte de productores, comunidades rurales e instituciones locales para mitigar los efectos del cambio climático a la vez que conservan el sustento y sostenibilidad ambiental y social de la región",0,"Andes, agricultura sostenible, cambio climático, suelo, IPM, glaciares",0,,2010,http://cambioclimatico-pnud.org.bo/paginas/admin/uploaded/publicaciones/Perez-Cambio%20Climatico%20en%20los%20Andes.pdf
Redalyc,"Villafañe Vega, Normando; Saluzzo Rinaldi, José Alberto; others","Modificación de la fertilidad por prácticas de manejo del suelo en Famatina, La Rioja, Argentina",0,"En Famatina, La Rioja (Argentina) en cultivo de ajo (Allium sativum L.) en suelo franco arenoso se dispusieron melgas con los tratamientos de suelo siguientes: T1 = 2 años consecutivos sin fertilizantes ni abono después de 1 año sin cultivar; T2 = 2 años consecutivos con fertilizantes químicos (FQ) y 1 año previo con cultivo de ajo; T3 = 1 año con FQ más 23 t/ha de abono orgánico caprino precedido de un cultivo de avena (Avena sativa L.); T = 2 años consecutivos con FQ y abono caprino (23 t/ha) en suelo cultivado previamente con avena; T5 = 1 año con FQ después de 2 años cultivado con avena; T6 = 1 año con FQ y 2 años previos con cultivo de alfalfa (Medicago sativa L.). Se tomaron muestras de suelo a la siembra y en la cosecha hasta 80 cm de profundidad. Se empleó el análisis de componente principal (ACP) para las variables de suelo. Los contenidos de materia orgánica, NO3 -, N total, P y K fueron favorecidos por los T3 y T4 en comparación con el T2. El cultivo de alfalfa favoreció los menores valores de pH (6.2) y conductividad eléctrica (CE) asociados con valores máximos de nitratos entre 30 y 80 cm de profundidad. En esta profundidad, los T3 y T4 presentaron contenidos de nitrato similares a los de T2 y T5. En el T2, después de 2 años el pH cambió de 7.2 a 6.8, el contenido de C de 0.6 a 0.4% y aumentó la CE de 1.9 a 2.8 dS/m",0,"Suelo, fertilización, aplicación de abonos, abonos orgánicos, abonos compuestos; Soil, organic fertilization, chemical fertilization",0,"Acta Agronómica; Vol. 59, núm. 2 (2010); 188-196 2323-0118 0120-2812",2010,http://www.bdigital.unal.edu.co/20192/
Scielo,"Halloy, Stephan; Ibáñez, Mercedes; Yager, Karina",Puntos y áreas flexibles (PAF) para inventarios rápidos del estado de biodiversidad,0,"El método de puntos y áreas flexibles de inventario rápido (PAF) combina los clásicos métodos de intercepción de puntos con áreas de muestreo o cuadrantes; registrando puntos a lo largo de una línea (el método de intercepción de puntos) pero incorporando además un área de uno a varios metros (cuadrante flexible) a cada lado para incluir las especies más raras en forma cuantitativa. Esta combinación resuelve la tensión que existe entre la objetividad de la evaluación de cobertura vs. inclusión de las especies más raras. En el PAF las áreas incluyen a las especies más raras de manera cuantitativa y relacionable con el área muestreada, pero con un mínimo de pisoteo a la vegetación y un mínimo de esfuerzo de muestreo. Esto permite análisis estadísticos más avanzados como obtención de curvas especie-área, derivación de curvas de rango-abundancia y los análisis respectivos, cálculo de índices como los de diversidad de Shannon-Weaver, equitatividad y ajuste lognormal (ΔL), entre otros",0,"Conservación, Métodos de muestreo de biodiversidad, Monitoreo, Pastizales, PAF",0,Ecología en Bolivia,2011,http://www.scielo.org.bo/scielo.php?pid=S1605-25282011000100005&script=sci_arttext
Gscholar,"Echevarria, A. L.; Allende, IR Lobo; Juri, M. D.; Chani, J. M.; Dowdall, J. Torres; Martín, E.","Composición, estructura y variación estacional de la comunidad de aves del Jardín Botánico de la Fundación Miguel Lillo, Tucumán, Argentina",0,"Las alteraciones ambientales causadas por las actividades humanas impactan negativamente en la biodiversidad. Entre ellas, se espera que la transformación de ambientes naturales en urbanizaciones, se incremente durante este siglo por la rápida tasa de crecimiento poblacional humano. Esta predicción ha despertado el interés por determinar el rol que juegan en la conservación de la biodiversidad los espacios verdes dentro de las ciudades. La explotación agrícola y las urbanizaciones han remplazado casi completamente la Selva Pedemontana original (Yungas) de la Provincia de Tucumán, Argentina. Sin embargo, las ciudades de esta provincia presentan espacios verdes que difieren unos de otros en la estructura de su vegetación. El Jardín Botánico de la Fundación Miguel Lillo, en San Miguel de Tucumán, fue creado aproximadamente 60 años atrás y hoy se encuentra inserto en una matriz urbana con escasa vegetación. Este JBFML, de 0,7 hectáreas, presenta todos los estratos de vegetación del ambiente original. Durante dos años muestreamos la comunidad de aves del JBFML, realizando conteos de punto de radio fijo. Registramos 85 especies: dos exóticas, 14 de Yungas, y el resto especies autóctonas de amplia distribución y de origen Chaco-Pampeano. La comunidad fue dividida en cuatro ensambles según las tácticas de forrajeo. El ensamble con mayor diversidad y número de especies es el que busca el alimento desplazándose por la vegetación. Estos resultados, y otros estudios realizados en la misma ciudad, sugieren que las características estructurales de la vegetación juegan un rol importante en la conservación de las especies nativas de aves en la ciudad",0,"aves, conservación, espacios verdes urbanos, Selva Pedemontana, urbanización",0,Acta zoológica lilloana,2011,http://www.researchgate.net/profile/Ada_Echevarria/publication/274959230_Composicin_estructura_y_variacin_estacional_de_la_comunidad_de_aves_del_Jardn_Botnico_de_la_Fundacin_Miguel_Lillo_Tucumn_Argentina/links/552d50490cf21acb09217231.pdf
Scopus,"Ortiz, Pablo E.; Jayat, J. Pablo; Pardiñas, Ulyses FJ","Roedores y marsupiales en torno al límite Pleistoceno/Holoceno en Catamarca, Argentina: extinciones y evolución ambiental",0,"Se estudió una asociación fósil de micromamíferos recuperada en las proximidades de Las Juntas, Catamarca, Argentina (28°06′36″S–65°53′54″O, 1562 m). Una datación radiocarbónica realizada sobre una muestra de huesos largos permitió referir el conjunto al Pleistoceno tardío (13,4–13,0 ka cal). La asociación, constituida por 12 especies, está dominada por los roedores sigmodontinos Reithrodon auritus (Fischer) y Phyllotis sp., seguidos por Akodon spegazzinii Thomas y Andinomys edax Thomas. Se destaca la presencia del caviomorfo Abrocoma cinerea Thomas y los sigmodontinos Akodon simulator Thomas y Tafimys powelli Ortiz, Pardiñas y Steppan. Thylamys sp. fue el único representante de Didelphimorphia en el agregado. La observación microscópica de huesos y dientes mostró evidencias de corrosión, indicando que la muestra fue generada por la actividad depredadora de lechuzas. El conjunto recuperado es característico de áreas abiertas de altura, constituido por una mezcla de especies de pastizales de neblina, pastizales altoandinos y algunos elementos del bosque montano superior. La mayoría de las especies registradas vive actualmente en simpatría a una altitud mayor a 2500 m en el mismo cordón montañoso, en un ambiente más frío y más seco que el actual en el área del yacimiento. Se interpreta que las condiciones ambientales durante la depositación del agregado fueron más frías y secas que en la actualidad. La extrapolación de esta información a otras áreas no es posible, debido a la extrema variación orográfica y ambiental de la región que determina la existencia de diferentes conjuntos de micromamíferos en un área geográfica relativamente pequeña",0,"Didelphimorphia, Rodentia, Late Pleistocene, Paleoenvironments, Catamarca, Didelphimorphia, Rodentia, Pleistoceno tardío, Paleoambientes, Catamarca",0,Ameghiniana,2011,http://www.bioone.org/doi/abs/10.5710/AMGH.v48i3(355)
Scielo,Leandro Gastón Indavera Stiebe,ERRORES EN LA ESTRATEGIA ARGUMENTATIVA DE LA INTERPRETACIÓN PROVIDENCIALISTA DE LA MANO INVISIBLE DE ADAM SMITH: EL CASO DE LA TEORÍA DE LOS SENTIMIENTOS,0,"Generalmente, los que defienden la interpretación providencialista de la mano invisible de Adam Smith, sostienen que los individuos guiados por una mano invisible poseen ciertas cualidades que se espera se orientan a ciertos fines beneficiosos para la sociedad. Este sería, ni más ni menos, el sentido de la famosa expresión smitheana. En este artículo mostraré, por el contrario, que en el pasaje de la mano invisible de La teoría de los sentimientos morales los individuos guiados por una mano invisible no poseen las cualidades que se espera se orientan a dichos fines. Así, la interpretación providencialista no puede explicar qué cualidades poseen los terratenientes (los guiados por una mano invisible), de modo tal que se orienten al fin beneficioso en cuestión (la distribución de las cosas necesarias para la vida).",0,"Interpretación, mano invisible, providencialista, Teoría de los sentimientos morales",0,Discusiones Filosóficas,2011,http://www.scielo.org.co/scielo.php?pid=S0124-61272011000200013&script=sci_arttext&tlng=pt
Scielo,"Gomez, M. Daniela; Fontanarrosa, Gabriela; Ortiz, Pablo E.; Jayat, J. Pablo",Pequeños mamíferos predados por la Lechuza de Campanario (Tyto alba) en la ecorregión del Chaco Seco en el noroeste argentino,0,"Los hábitos tróficos de la Lechuza de Campanario (Tyto alba) han sido ampliamente estudiados en el centro y sur de Argentina. Sin embargo, en el noroeste los estudios son escasos. Se estudió la dieta de esta rapaz mediante el análisis de egagrópilas colectadas en seis localidades de la ecorregión del Chaco Seco. Se determinaron taxonómicamente los restos cráneo-dentarios encontrados y se calcularon para cada localidad el número mínimo de individuos, la frecuencia relativa y el porcentaje de biomasa aportado a la dieta por cada ítem presa. Se calcularon, además, la amplitud de nicho trófico y la amplitud de nicho trófico estandarizada, el promedio geométrico de los pesos de las presas y la diversidad. Se obtuvo un total de 1231 ítems presa, en su mayoría pertenecientes al género Calomys, dominante en cinco de las seis localidades. La abundancia de individuos varió entre 83-508 y en todas las localidades dos especies (Calomys cf. C. venustus/ fecundus y Calomys cf. C. laucha/musculinus) aportaron más del 50% de la biomasa consumida. La amplitud de nicho trófico estandarizada osciló entre 0.111-0.661. El promedio geométrico de los pesos fue inferior al establecido para el Neotrópico. La abundancia de Calomys spp. en la dieta estuvo positivamente relacionada con el grado de transformación de la tierra en agroecosistemas, mientras que la diversidad de especies estuvo negativamente relacionada. Los resultados de este estudio aportan datos novedosos para la ecorregión del Chaco Seco en el noroeste argentino, confirmando los patrones establecidos para la Lechuza de Campanario en otras regiones de Argentina",0,Amplitud de nicho trófico; Argentina; Chaco Seco; Dieta; Heterogeneidad ambiental; Tyto alba,0,El hornero,2012,http://www.scielo.org.ar/scielo.php?script=sci_arttext&pid=S0073-34072012000200002
Gscholar,"Gimenez, Guadalupe A.; Canton, Norma V.; Hladki, Adriana I.","Mixobiota del departamento Chilecito (La Rioja, Argentina)",0,"Gimenez, G. A.; N. V. Canton; A. I. Hladki. 2012. “Mixobiota del Departamento Chilecito (La Rioja, Argentina)”. Lilloa 49 (1). Se citan por primera vez para la región de Cuyo los géneros Hemitrichia y Ceratiomyxa, así como también a Arcyria oerstedii. Se amplia el área de distribución de Physarum pusillum para la provincia de La Rioja. Se describen los esporangios, incluyendo dibujos y fotografías. Se incluyen claves dicotómicas de los géneros presentes en La Rioja y de las especies citadas para el departamento Chilecito.",0,"Amoebozoa, Protista, taxonomía, zonas áridas, Myxomycetes.",0,Lilloa,2012,http://biblat.unam.mx/es/revista/lilloa/articulo/mixobiota-del-departamento-chilecito-la-rioja-argentina
Gscholar,"Ferreyra, Horacio; Castagno, Fabiana; Salgueiro, María Alejandra; del Milagro Tucci, Susana",Significados y efectos en torno a la evaluación de los aprendizajes escolares,0,"El presente artículo tiene por objetivo aportar algunas reflexiones en torno a las prácticas de evaluación y los sentidos y efectos que estas producen. Plantea una puesta en relación con las trayectorias escolares y las acciones e intervenciones docentes. Se pone en relieve la dimensión ético política, la responsabilidad, la confianza y la autoridad que en toda práctica evaluativa se juega, generando condiciones de posibilidad, de crecimiento, de potencialidad o no en los estudiantes evaluados. Asimismo, sobre la base de estos planteos se expone un trabajo llevado a cabo para revisar y fortalecer los procesos de autoevaluación institucional en las escuelas de la Provincia de Córdoba, Argentin",0,"Evaluación de aprendizajes, trayectorias escolares, enseñanza, significados",0,"Revista Interamericana de Investigación, Educación y Pedagogía, RIIEP",2012,http://revistas.usta.edu.co/index.php/riiep/article/view/1325
Gscholar,"Gordillo, Alejandra María; Mazzola, Nora Susana",Vinculación y Cooperación Interinstitucional para el Desarrollo Local: La Experiencia del Colegio Nacional Agrotécnico “Ing. Julio César Martínez”,0,"El presente trabajo pretende mostrar la labor de redes  sociales que la Universidad Nacional de Chilecito implementa con organismos privados, consolidando una oferta de educación técnica de nivel medio en una zona rural. El desarrollo de actividades extensionistas se nutre del vínculo con la sociedad en pos de lograr la inserción y articulación de saberes y acciones que permitan potenciar y  orientar esfuerzos conjuntos para contribuir a la conformación de una sociedad más justa y equitativa. En ese marco, pensar el aporte de la Universidad Pública al desarrollo sostenible, implica  asumir la importancia de la interdependencia de recursos, la conformación de redes inter organizacionales de vinculación y cooperación  y la definición de políticas institucionales participativas que fortalezcan el entramado del tejido social. La relación e  interdependencia organizacional y el trabajo en redes con instituciones públicas y privadas  permiten establecer  vínculos, definir y concretar acciones conjuntas que contribuyan a la cohesión social, la igualdad de oportunidades y faciliten el desarrollo del sujeto y de su entorno. Dicha interdependencia no sólo implica la persecución de objetivos comunes que expandan los alcances del capital social de los destinatarios directos de esos vínculos, sino también la expansión de sus beneficios a la sociedad en su conjunto. Se rescatan los aportes conceptuales de redes de políticas públicas como patrones de  relaciones complejas y dinámicas entre instituciones estatales y actores sociales que interactúan, para generar procesos de toma de decisiones basados en el consenso y la coordinación. Esta perspectiva se articula con la idea de desarrollo local, en tanto  este proyecto involucra a la comunidad pretendiendo ampliar las oportunidades de participar  y gestar las condiciones de progreso a partir de la transformación de su realidad socioeconómica. Una visión estratégica y el planeamiento participativo que contemple las características y particularidades del territorio intentan promover el adecuado aprovechamiento de los recursos locales y sus potencialidades. Ello contribuye a igualar en oportunidades a un sector vulnerable y contrarrestar la desigual distribución del capital educativo con impacto en la distribución del ingreso y  generador de condiciones desfavorables para acceder al mercado laboral con igualdad de oportunidades. El Colegio Nacional Agrotécnico es una experiencia innovadora en la política universitaria de la UNDEC. Han interactuado en distintos niveles y etapas actores públicos y privados para configurar una matriz  interorganizacional que rescata cuotas de participación ciudadana, responsabilidad social empresaria y universitaria, desarrollo social sustentable, inclusión, empoderamiento y compromiso con la educación pública.",0,Desarrollo local sostenible; Interinstitucionalidad; Redes interorganizacionales; Redes sociales; Responsabilidad social de las organizaciones,0,ExT: Revista de Extensión de la UNC,2012,http://www.revistas.unc.edu.ar/index.php/ext/article/view/972
Scielo,"Nanni, A. Sofía; Ortiz, Pablo E.; Jayat, J. Pablo; Martín, Eduardo",Variación estacional de la dieta de la Lechuza de Campanario (Tyto alba) en un ambiente perturbado del Chaco Seco argentino,0,"Se estudió la dieta de la Lechuza de Campanario (Tyto alba) en un sector del Chaco Seco en Santiago del Estero, Argentina. A partir de 332 egagrópilas colectadas entre 2007 y 2009 se analizó la variación estacional en el número y la biomasa de los ítems presa, la diversidad y la amplitud de nicho trófico. Entre los 1170 individuos predados se registraron 14 ítems presa, correspondientes a mamíferos (87%), aves (7%) e insectos (6%). Los roedores cricétidos constituyeron el grupo más frecuente (85%) y con el mayor aporte de biomasa (>75%), con una amplia dominancia de Calomys spp. Durante el primer año la abundancia de micromamíferos en la estación seca alcanzó valores máximos, en tanto que aves e insectos mostraron el patrón opuesto. La diversidad y la amplitud de nicho trófico presentaron valores máximos durante la estación húmeda y la superposición trófica fue más baja entre muestras de estaciones diferentes. La variación estacional de la biomasa en la dieta se debió principalmente al mayor consumo de aves durante la estación húmeda de 2008. En la estación húmeda del segundo año de muestreo la dieta presentó un comportamiento anómalo, en algunos casos completamente opuesto a lo esperado, probablemente relacionado a una marcada disminución en las precipitaciones. Los resultados confirman una dieta generalista-oportunista, con un alto consumo de micromamíferos durante la estación seca explicado por sus tamaños poblaciones elevados. La modificación del ambiente explicaría la extrema dominancia de Calomys spp., como ya fuera documentado en otras áreas de Argentina",0,Chaco Seco; Dieta estacional; Lechuza de Campanario; Nicho trófico; Noroeste argentino,0,El hornero,2012,http://www.scielo.org.ar/scielo.php?pid=S0073-34072012000200004&script=sci_arttext&tlng=pt
Gscholar,"Manzo, Alejandro Gabriel",Estado y Derecho en la era de la globalizacion neoliberal: La estructura del Estado argentino propia de la década de los 90/State and law in the neoliberal globalization era: the structure of the Argentinean State in the nineties,0,Este artículo analiza las características que poseyó el Estado neoliberal argentino durante los años 90 dividiendo su estructura en cinco áreas de reformas en las cuales los organismos multilaterales de crédito focalizaron por entonces su atención. Este análisis se realiza tomando como marco de referencia empírico a las leyes a través de las cuales estas reformas se instrumentalizaron.,0,"Derecho, Reformas del Estado y Neoliberalismo",0,Revista Direito e Práxis,2012,http://www.e-publicacoes.uerj.br/ojs/index.php/revistaceaju/article/view/3253
Gscholar,"Stieben, Leandro Indavera","La sorpresa, el asombro y la mano invisible de Júpiter",0,"El propósito de este artículo es, en primer lugar, exponer el análisis que Smith desarrolla en The History of Astronomy sobre el origen de las emociones de asombro y sorpresa. En este artículo se abordará, en segundo lugar, cómo Smith relaciona las características propias de un objeto o evento que produce asombro o sorpresa en el marco de las concepciones de los salvajes con relación al uso de la expresión “la mano invisible de Júpiter”. En tercer lugar, se analizará la explicación que Smith brinda sobre lo que es el “curso ordinario de las cosas”.",0,Smith;asombro; sorpresa; curso; ordinario,0,Páginas de Filosofía,2013,http://170.210.83.53/htdoc/revele/index.php/filosofia/article/view/6
Gscholar,"Quiroga, María Rosana",Plan de asignatura Psicología del Desarrollo con enfoque interdisciplinar,0,"En el marco de la asignatura Psicología del Desarrollo del Profesorado Universitario en Ciencias Económicas, carrera de la Universidad Nacional de Chilecito se propone una experiencia de trabajo de carácter interdisciplinar entre diferentes asignaturas de formación pedagógica de la carrera antes mencionada. Esta experiencia persigue un doble objetivo, por una parte, utilizar estrategias innovadoras en la formación de docentes y planificar actividades que permitan articular distintas asignaturas de la carrera profundizando la relación entre las disciplinas a través de la articulación teoría y práctica. Se trabajarán estrategias para el logro del aprendizaje significativo y estrategias para el logro del aprendizaje colaborativo",0,Articulación; interdisciplinariedad; estrategias; aprendizaje significativo; aprendizaje colaborativo,0,Innovacesal,2013,http://www.innovacesal.org/innova_public/archivos/publica/area05_tema04/264/archivos/redIC_HCS_interdisc_04_2013.pdf
Gscholar,"Stieben, Leandro Indavera",La mano invisible y la defensa nacional,0,"En este artículo se analizará el pasaje de la mano invisible en Investigaciones sobre la naturaleza y causa de la riqueza de las naciones. Se mostrará que el resultado esperado por la acción de la mano invisible, la maximización del producto total anual, algunas veces es un obstáculo para la defensa de las naciones. Para comprender cabalmente este punto analizaremos previamente algunas cuestiones en relación con el pasaje de la mano invisible",0,Mano Invisible; Defensa; Nacional,0,Revista de filosofía y teoría política,2013,http://www.rfytp.fahce.unlp.edu.ar/article/view/RFyTPn44a01/html_132
Scielo,"Luna Toledo, E. S.; Figuerola, P. I.; Abril, E. G.; Ravelo, A. C.",La fracción evaporativa en diferentes regiones agrícolas y naturales del centro-noroeste de la Argentina,0,"La fracción evaporativa (FE) permite cuantificar la porción de la energía disponible usada en el proceso de evapotranspiración. Se obtuvo la distribución espacial de la FE para cinco tipos de cobertura: árboles, cultivos, pastizales, arbustos y suelo desnudo de cinco ecorregiones del centro-noroeste de la Argentina, usando productos del sensor MODIS-TERRA. FE se calculó mediante el método triangular según la relación entre la fracción de la cobertura de suelo (Fr) y la temperatura de superficie (Ts). Ambas variables fueron correlacionadas para cada tipo de cobertura por ecorregión. Fr y Ts están inversamente asociadas, y diferentes coberturas por ecorregiones mostraron cambios en la pendiente de la recta entre ambas variables debido a cambios en el porcentaje y el tipo de cobertura, en los gradientes pluviométricos y en la estructura de la vegetación. Los valores medios de Fr y FE por ecorregiones y tipo de cobertura fueron procesados mediante el análisis de la varianza y por comparaciones múltiples de Fisher. Existen diferencias estadísticas significativas en las variables Fr y FE según el tipo de cobertura, y la ecorregión y la relación entre Fr y FE no es lineal. Finalmente, se generó un mapa con la distribución espacial de la FE",0,Fracción evaporativa; Ecorregiones; MODIS; Heterogeneidad,0,Agriscientia,2013,http://www.scielo.org.ar/scielo.php?pid=S1668-298X2013000100002&script=sci_arttext
Gscholar,"Capllonch P., Lobo Allende R.",DISTRIBUCIÓN DE LA MARTINETA CHAQUEÑA (Eudromia formosa formosa) EN LA REGIÓN CHAQUEÑA DE LA ARGENTINA ,0,"En la presente contribución se aportan datos sobre la presencia y abundancia de la Martineta Chaqueña (Eudromia formosa) en 41 localidades del norte de la Argentina. Se ha comprobado que en ciertas zonas a lo largo de la ruta que une la localidad de Suncho Corral en la provincia de Santiago del Estero y Roque Sáenz Peña, en la provincia del Chaco, ha desaparecido debido principalmente a la modificación del ambiente por los extensos sembradíos de soja. Se considera que Eudromia formosa formosa y Eudromia formosa mira pertenecerían a una misma raza geográfica y no a razas distintas. Adicionalmente se propone aquí que la recuperación de esta especie es posible mediante el control de la caza ilegal y de los desmontes ilegales",0,,0,Revista Nótulas,2013,http://www.fundacionazara.org.ar/img/notulas-faunisticas/articulos/notula-113.pdf
Gscholar,"Germán, Antequera; Luis, Navarrete José; Gabriela, Starabinsky; Walte, Robledo",Eficiencia Técnica en el Sector Olivícola en la Provincia de La Rioja,0,"El objetivo del presente trabajo es analizar la eficiencia de las firmas olivícolas en la provincia de La Rioja. Para ello, se emplea la técnica de Análisis de Envolvente de Datos (DEA), la cual nos permite calcular los scores de eficiencia de las firmas analizadas y comparar su eficiencia relativa. Los resultados sugieren que existen marcadas diferencias entre las empresas pertenecientes al sector, identificándose la escala de producción y la cantidad de trabajadores empleados como los principales factores que influyen en la eficiencia relativa.",0,"Análisis de Envolvente de Datos, Producción de Olivo, Eficiencia Técnica",0,XLVIII Reunión Anual,2013,http://www.aaep.org.ar/anales/works/works2013/antequera.pdf
Gscholar,"del Carmen Lorenzatti, María; Ligorria, Verónica",Nudos de discusión sobre la Formación Docente Universitaria en países del MERCOSUR,0,"Una de las consecuencias de entender que los estudios superiores son un bien público y social, un derecho humano universal y una responsabilidad de los estados, tal como lo sostiene la Conferencia Regional de Educación Superior reunida en Cartagena de Indias (2008), es apostar fuertemente a la revisión de las prácticas docentes universitarias. En este artículo se presentan los resultados del proyecto “Construcción cooperativa de políticas y estrategias de formación de docentes universitarios en la región”, coordinado desde la Secretaría de Asuntos Académicos de la Universidad Nacional de Córdoba y con la participación de nueve universidades del Mercosur Educativo. El propósito central del proyecto fue “desarrollar redes de cooperación para el fortalecimiento de la formación docente universitaria (FDU) a nivel regional”. El grupo de universidades participantes se propusieron producir conocimientos sobre el estado de las políticas de formación docente en cada universidad y su relación con los sistemas de acceso, permanencia y promoción de los profesores. En este artículo se presentan, de manera sintética, las características del proyecto, la metodología desarrollada, algunos nudos de discusión sobre la docencia universitaria que tuvieron lugar en los encuentros con el grupo de universidades y, finalmente, desafíos o líneas de trabajo conjunto",0,Formación docente – universidad – profesorado universitario,0,Integración y Conocimiento,2013,http://revistas.unc.edu.ar/index.php/integracionyconocimiento/article/view/5695
Gscholar,"Antúnez, Damián",El gobierno bonaerense de Victorio Calabró: entre la intervención federal y el golpe de Estado,0,"En este artículo se abordan los dos años de gobierno de Victorio Calabró en la provincia de Buenos Aires, ahondando en la inminencia de la intervención federal hacia diciembre de 1975/enero de 1976 para adentrarnos, posteriormente, en los determinantes de la crisis política que atravesó los últimos meses y hasta los últimos días del gobierno de la viuda de Perón en lo que respecta a la relación nación-provincia. En definitiva, se trata de un gobierno que fue hijo dilecto de un prolongado y sangrante proceso de desintegración de la coalición política gobernante. Así, la disfunción de los mecanismos democráticos pone en evidencia el modo en que la confrontación política gobierno-oposición fue desde un primer momento reemplazada por la lucha facciosa en el seno de la coalición gobernante, hasta el punto de aliarse con los militares golpistas para enfrentar a la presidente",0,Calabró- Buenos Aires- Isabel Perón- Intervención federal- Golpe de Estado,0,PolHis: Boletín Bibliográfico Electrónico,2013,http://dialnet.unirioja.es/servlet/articulo?codigo=4739730
Redalyc,"Ferreyra, Horacio; Vidales, Silvia; Kowadlo, Marta; Bono, Laura; Bonetti, Olga",Hacia La Educación Secundaria Obligatoria. Notas Del Proceso En La República Argentina,0,"El presente ensayo se propone revisar y discutir las transformaciones por las que está atravesando la Educación Media/Secundaria en Argentina, en el contexto de un período de transición y resignificación, donde conviven factores vinculados a los dos últimos marcos normativos: la Ley Federal de Educación Nº 24.195 y la Ley de Educación Nacional N.º 26.206. Para ello, se identifican los cambios institucionales y pedagógicos más relevantes que se han suscitado en el lapso que abarca desde el año 2001 hasta la fecha y se reflexiona sobre ellos. Posteriormente, se focaliza el análisis en torno a los logros alcanzados y los desafíos pendientes. Se concluye que -bajo el denominador común de un modelo de trabajo participativo- existe continuidad en las líneas de trabajo, aunque cabe reconocer que la situación en el país es diversa y que restan acciones a concretar y aspectos a fortalecer",0,"POLÍTICA EDUCATIVA, EDUCACIÓN MEDIA, EDUCACIÓN SECUNDARIA, NORMATIVA, OBLIGATORIEDAD, ACUERDOS FEDERALES, PROGRAMAS, ARGENTINA",0,"Revista Electrónica ""Actualidades Investigativas en Educación""",2013,http://antioquiacolombiawww.redalyc.org/articulo.oa?id=44727049012
Gscholar,"Ruarte Bazán, Roque",Saldos fiscales regionales del fisco nacional en el federalismo argentino,0,"Nos proponemos estimar los flujos fiscales geográficos netos que ocurren a  través de los mecanismos que opera el gobierno nacional e índices derivados que  sean útiles a la hora de trazar políticas redistributivas interregionales en función del federalismo fiscal argentino real. En pos de ello renovamos la concepción de territorio y presentamos un modelo de federalismo ad hoc para el sistema de gobierno que hoy impera en la Argentina, junto con enfocarnos en el rol fiscal y en la conducta de los administrados residentes, ya sea como contribuyentes o como destinatarios del gasto gubernamental. En el esquema a desarrollar calculamos esos flujos de manera directa o más realista, en el sentido que evitamos el recálculo que requeriría un formato de balanza fiscal regional para distribuir déficit/superávit y obtener una igualdad ficta entre ingresos y egresos totales del gobierno central. Sin embargo, a la manera de nuestros trabajos previos sobre balanzas regionales, en este estudio mantenemos la  particularidad de mostrar por separado los flujos en tres tipos, según se refieran a los: 1. ocasionados por la coparticipación secundaria y afines, 2. encuadrados en las funciones específicas de la administración central, 3. propios de las instituciones de seguridad social nacional. Y, al agregarlos, obtenemos un cuarto cuadro descriptivo de tipo general.Cuando confrontemos las cifras en que se distribuyen territorialmente esos tres, vamos a poder determinar cuán similares o diferentes son las pautas distributivas aplicadas en cada uno. La elección de estas pautas es materia de las políticas de redistribución del ingreso, de desarrollo económico y de sustentación institucional del federalismo. Aunque trabajamos metodológicamente con el enfoque carga-beneficio para imputar  geográficamente los recursos y gastos gubernamentales, como nuestra idea es coadyuvar a los distintos hacedores, quienes deben considerar la factibilidad de obtener apoyo político para la implementación, también mostramos las cifras del enfoque del flujo monetario. El alcance espacial cubre el mapa argentino y, para el cálculo de los flujos  fiscales, lo dividimos en 24 distritos nacionales que empero designamos con los mismos nombres de las provincias y de Capital Federal, sin perjuicio de trazar regiones apropiadas para el análisis de resultados. El alcance temporal es peculiar al extenderse al sexenio 2001 - 2006, hecho que nos pone en condiciones de visualizar eventuales cambios coyunturales o estabilidad en los indicadores fiscales regionales durante este período. Comenzamos con breves descripciones conceptuales sobre territorio y federalismo y de un modelo de federalismo argentino; luego desarrollamos conceptualmente el esquema de Saldos Fiscales Regionales y las cuestiones metodológicas; a continuación ofrecemos los resultados numéricos en gráficos y tablas junto con observaciones y finalmente hacemos síntesis y conclusiones",0,"Federalismo, federalismo fiscal, regiones, coparticipación, Argentina. Clasificación JEL: H71, H 73 y H 77",0,Jornadas Públicas,2014,https://rdu.unc.edu.ar/handle/11086/1404?locale-attribute=es
Gscholar,"Echevarria, Ada Lilian; Marano, Claudia Fabiana; Cocimano, María; Fanjul, M. E.; Cormenzana Méndez, A.","Composición y variación de la comunidad de aves del Embalse El Tunal, Salta, Argentina",0,"En este trabajo se describe la composición específica y trófica, la abundan-cia y variación de la composición de la avifauna, durante los años 2005 y 2006 en el Em-balse El Tunal, Salta. Este humedal está construido sobre el Río Juramento a los 25°14'S 64°31'W; abarca 3474 ha en su cota máxima. El mismo está emplazado en un ambiente chaqueño degradado. Se marcaron tres sitios y cinco transectas (500 x 50 m) en cada uno, las que se repitieron dos veces en cada estación a lo largo de un año, con un total de 120 muestras. La avifauna se analizó en base a la Abundancia Relativa, Índice de Importancia Relativa, Índice de Shannon-Wiener y Curva de Rango Abundancia. Se registraron un total de 101 especies de 38 familias. Del total de las especies, 32 son migratorias (siete Neárticas-Neotropicales y 25 Regionales). Dos ensambles fueron los más representativos, él de las aves que buscaban el alimento entre la vegetación y él de las que lo hacen caminando. De-bido a la fluctuación anual en los niveles de agua que afectan la disponibilidad de los recur-sos, las variaciones en la composición de esta comunidad de aves serían, en su mayor parte, producidas por las especies migratorias provenientes del hemisferio Norte. Palabras Claves: Aves, Humedales, Embalse El Tunal, migratorias. Abstract — "" Composition and variation of a bird community at El Tunal Reservoir, Salta, Argentina "". In this study, we describe the species and trophic composition, and abundance and variation of bird species, during 2005 and 2006, in Tunal Reservoir, Salta. This wetland is built on the Juramento River at 25°14'S 64°31'W and it covers 3474 ha at its highest level. It is located in a degraded Chaco environment. We marked three sites with five transects (500 x 50 m) in each. We sampled these transects twice during each season, for a year, with a total of 120 samples. We analyzed the avifauna based on: Relative Abundance, Relative Importance Index, Shannon-Wiener Index and Abundance Rank Curve. We recorded 101 species from 38 families. Of all the species, 32 are migrants (seven are Neartic-Neotropical migrants and 25 are Regionals). Two bird assemblages were the most representative; those that foraged in the vegetation and those that looked for food while walking. Due to yearly water level fluctuations, that affect resource availability, variations in the composition of the bird community may be caused mainly by migratory species from the northern hemisphere.",0,"Aves, Humedales, Embalse El Tunal, migratorias",0,Acta Zoológica Lilloana,2014,http://www.researchgate.net/profile/Ada_Echevarria/publication/274636925_Composicin_y_variacin_de_la_comunidad_de_aves_del_Embalse_El_Tunal_Salta_Argentina/links/55241a3c0cf2b123c5173474.pdf
Gscholar,"Sartori, Juan José Pompilio; de Waidatt, Lucía Rodríguez",Una herramienta pedagógica para la enseñanza del estudio de la evaluación de proyectos de inversión,0,"En el presente artículo se presenta una herramienta pedagógica utilizada para la enseñanza de la formulación y evaluación de proyectos de inversión, materia que forma parte de los últimos años del plan de estudio de las carreras de Licenciatura en Economía, Contador Público, Licenciatura en Administración de Empresas y algunas carreras de ingeniería en las Universidades Argentinas. Se considera que las TIC son herramientas al servicio de esa tarea y se les adjudica la posibilidad de ayudar a los estudiantes para ser buscadores y analizadores de información, solucionadores de problemas, usuarios creativos y eficaces, colaboradores, productores, ciudadanos informados responsables y capaces de contribuir a la sociedad. Luego de realizar una breve introducción, se presenta una descripción de la herramienta utilizada en la enseñanza de la formulación y evaluación de proyectos de inversión. Se trata de un archivo Excel, con programación visual basic subyacente, que permite a los alumnos concentrarse en la formulación del proyecto de inversión, la identificación de las principales variables a considerar, su valoración económica y en la interpretación y análisis de los resultados de la evaluación financiera del proyecto de inversión ",0,"planilla de cálculo, evaluación de proyectos de inversión",0,,2014,http://www.researchgate.net/profile/Juan_Sartori/publication/263652247_Una_herramienta_pedaggica_para_la_enseanza_del_estudio_de_la_evaluacin_de_proyectos_de_inversin/links/0deec53ba89f18dd91000000.pdf
Gscholar,"Gordillo, Alejandra María",Comunicación-Educación: un vínculo desde el cual pensar el desarrollo personal y social,0,"El presente trabajo es una reflexión sobre las posibilidades que ofrece la educación como factor de desarrollo personal y colectivo, a partir del marco de referencia que ofrece el análisis de la Comisión Económica para América Latina y el Caribe (CEPAL), en el documento “Juventud y cohesión social en Iberoamérica: un modelo para armar”. El eje central de reflexión es el potencial de desarrollo de capacidades que ofrece la educación y las derivaciones personales y sociales que deben sortearse cotidianamente para poder alcanzar esa meta en una sociedad donde la comunicación y el conocimiento adquieren relevancia. Es una reflexión teórica que se entreteje con aportes derivados de la experiencia docente con jóvenes estudiantes de  la Licenciatura en Comunicación Social, donde se dvierten trayectos educativos heterogéneos y sus vinculaciones con mayores y mejores oportunidades de desarrollo personal y social",0,"comunicación, educación, juventudes",0,Question,2014,http://perio.unlp.edu.ar/ojs/index.php/question/article/viewArticle/2214
Gscholar,"Gordillo, Alejandra María",COMUNICACIÓN Y CULTURA EN LAS SOCIEDADES ACTUALES: REFLEXIONES SOBRE LOS CAMBIOS Y LAS TRANSFORMACIONES EN LOS VÍNCULOS SOCIALES E INSTITUCIONALES,0,"La instancia socio cultural contemporánea muestra cambios y transformaciones en la concepción de lo institucional heredada de la Modernidad. La incorporación de las innovaciones de la tecnología vinculada a la comunicación y los rasgos posmodernos en la sociedad introdujeron nuevos modos de establecimiento de lazos sociales entre los sujetos y entre éstos y las instituciones, reconfigurando las formas de sociabilidad, de reconocimiento y vínculo social, transferencia de la herencia cultural, participación ciudadana, inserción en el mercado laboral. La vinculación Comunicación - Educación - Cultura se actualiza, atravesando procesos de socialización y reconocimiento social en los que estas prácticas están imbricadas",0,"Comunicación, cultura, educación, lazos sociales, instituciones, Modernidad/Postmodernidad, nuevas tecnologías",0,Dialogos,2014,http://dialogosfelafacs.net/wp-content/uploads/2014/08/89_Revista_Dialogos_COMUNICACIoN_Y_CULTURA_EN_LAS_SOCIEDADES_ACTUALES_.pdf
Gscholar,"Cristina, Alejandra Daniela; Navarrete, José Luis",Pobreza y Análisis de Dominancia en Argentina,0,"El presente trabajo analiza la evolución de la pobreza en Argentina y en el Gran Córdoba. El análisis muestra que la pobreza ha disminuido en los aglomerados urbanos y en el Gran Córdoba, aunque la magnitud de la misma depende de la línea de pobreza empleada. Para llevar a cabo estimaciones inequívocas de la evolución de la pobreza, se utiliza el método de dominancia estocástica para determinar cómo ha evolucionado la pobreza, observándose reducción de la misma en el rango relevante",0,"Clave: Pobreza Absoluta, Pobreza Relativa, Dominancia Estocástica",0,Actualidad Económica,2014,http://www.revistas.unc.edu.ar/index.php/acteconomica/article/view/9533
Scopus,"Chade Vergara, Pablo Oscar",Superación de las visiones deformadas de las ciencias a partir de la incorporación de la historia de la física a su enseñanza,0,"Partiendo del excelente trabajo publicado por Isabel Fernández, Daniel Gil, Jaime Carrascosa, Antonio Cachapuz y Joao Praia (2002) y enrolados en la corriente didáctica que considera  imprescindible la incorporación de la Historia de la Física en su Enseñanza, este trabajo demuestra cómo la Historia de la Física puede ser utilizada para corregir las visiones deformadas, tergiversadas, sesgadas y erróneas que de la Ciencia Física se transmiten a través de su enseñanza",0,Visiones Deformadas; Historia de la Física; Enseñanza de la Física,0,Revista Eureka sobre Enseñanza y Divulgación de las Ciencias,2014,http://rodin.uca.es/xmlui/handle/10498/15711
Gscholar,"Belzagui, Pablo René",Cuando el ciudadano se violenta. Algunos apuntes para su reinterpretación,0,"Los actos de violencia en que algunos ciudadanos incurrieron durante los amotinamientos policiales de fines de 2013 son el marco de referencia donde poner a dialogar textos de Cornelius Castoriadis, a través de la interpretación de Javier Cristiano, con otros producidos por estas tierras, como los de Rodolfo Kusch y Octavio Paz, para ensayar “viejas formas nuevas” de revisar los actos de violencia sucedidos.",0,Comunicación; sociedad; violencia,0,Question,2015,https://www.perio.unlp.edu.ar/ojs/index.php/question/article/view/2492
Scopus,"Bono, Laura Cecilia; Ferreyra, Horacio Ademar",Aportes para pensar desde una perspectiva bioética,0,"Para orientar los procesos de decisiones en la esfera pública, resulta pertinente conocer la percepción de los ciudadanos respecto de la ciencia y la tecnología. Partimos del reconocimiento de la importancia del desarrollo y apropiación del conocimiento científico y tecnológico, enmarcados en perspectivas bioéticas e influenciados por ellas. La propuesta se contextualiza en acciones en desarrollo en Argentina para el fomento de la ciencia y la tecnología, a través del proyecto Percepción y participación ciudadana para una cultura científica-tecnológica en la provincia de Córdoba, Argentina, que incluye aspectos asociados a valoraciones, creencias y prejuicios sociales y culturales, entretejidas con lo ético. Se aportan reflexiones en torno a los aspectos bioéticos y se espera que el producto de la investigación y sus derivados sean aportes a la comunidad e insumos para el diseño de un modelo de participación ciudadana que fomente el uso de los resultados de la investigación en beneficio de la humanidad",0,"Ciencia, tecnología, percepción, ciudadanía, bioética",0,,2015,http://www.scielo.org.co/pdf/rlb/v15n2/v15n2a10.pdf
Scopus,"Varela, Omar; Parrado, María F.; Buedo, Sebastián E.","Diversidad de plantas vasculares del valle Antinaco-Los Colorados, La Rioja, Argentina",0,"El valle Antinaco-Los Colorados es una extensa planicie de la ecorregión del Monte en el centro-oeste de La Rioja (Argentina). Este estudio proporciona un inventario exhaustivo de la diversidad de plantas vasculares que crecen espontáneamente en el valle. En 90 viajes de campo se registraron 264 especies de 57 familias y 181 géneros en 4 tipos de vegetación. Se mencionan 18 citas nuevas para la provincia. Las cinco familias más diversas fueron Asteraceae (35 spp., 13%), Poaceae (32 spp., 12%), Fabaceae (19 spp., 7%), Solanaceae (19 spp., 7%) y Cactaceaae (16 spp., 6%). Los géneros mejor representados fueron Tillandsia (10 spp.), Solanum (6 spp.), Atriplex (5 spp.), Lycium (5 spp.) y Prosopis (5 spp.). El 13% de las especies (35) son introducidas, principalmente de las familias Poaceae (7 spp.), Asteraceae (5 spp.), Brassicaceae (5 spp.) y Chenopodiaceae (5 spp.). El valle incluye 84 endemismos de nivel nacional, regional y provincial, y en su mayoría (41%) corresponden a Cactaceae (13 spp.), Asteraceae (9 spp.), Solanaceae (7 spp.), Chenopodiaceae (6 spp.) y Euphorbiaceae (6 spp.). Las formas de vida dominantes fueron los Fanerófitos (29%), Terófitos (28%) y Hemicriptófitos (21%). El valle concentra aproximadamente el 17% de la diversidad de plantas vasculares conocida para La Rioja.",0,"lora vascular, Catálogo florístico, endemismos, formas de vida, Monte, Vegetación",0,Boletín de la Sociedad Argentina de Botánica,2015,http://www.revistas.unc.edu.ar/index.php/BSAB/article/view/12528
Gscholar,"Gordillo, Alejandra María",El valor agregado de la comunicación al interior de las organizaciones,0,"El texto aborda lo más sobresaliente de la comunicación al interior de las organizaciones. Valora la gestión de la misma para crear identidad y valores compartidos, en cualquier marco institucional-organizativo.",0,"Comunicación, comunicación institucional; comunicación interna; organizaciones; instituciones",0,Razón y palabra,2015,http://dialnet.unirioja.es/servlet/articulo?codigo=5183615&orden=0&info=link
Scopus,"Ortiz P.E., Jayat J.P.","Primer Registro fósil para dos especies de Sigmodontinos (Rodentia, Cricetidae) Endémicas del extremo Sur de Las Yungas de Argentina",0,,0,"Primer Registro Fósil Para dos Especies de Sigmodontinos (Rodentia, Cricetidae) Endémicas del Extremo Sur de las Yungas de Argentina",0,Ameghiniana,2013,http://www.bioone.org/doi/abs/10.5710/AMGH.10.06.2013.673?journalCode=ameg
Scopus,"Ortiz P.E., Jayat J.P., Nasif N.L., Teta P., Haber A.","Roedores del Holoceno tardío de la Puna de Atacama, sitio arqueológico Tebenquiche Chico, Catamarca, Argentina",0,"Se estudió una muestra de roedores proveniente del yacimiento arqueológico de Tebenquiche Chico, situado en el departamento Antofagasta de la Sierra, provincia de Catamarca, a 520 m de altitud y próximo al salar de Antofalla. El sitio corresponde a un pequeño asentamiento habitado entre los siglos IV y XII y reocupado en el siglo XVII de nuestra era. Los restos óseos fueron recuperados en el interior de las estructuras habitacionales del sitio arqueológico, situado en las proximidades de una pequeña vega, antiguas acequias de riego y campos agrícolas. Se han registrado los taxones Abrothrix andinus, Phyllotis xanthopygus, Phyllotis sp., Neotomys ebriosus, Chinchilla chinchilla, Lagidium sp., Ctenomys sp. y Abrocoma cinerea. Se describen en detalle los numerosos caracteres cráneo-dentarios que permiten la distinción entre los géneros Chinchilla y Lagidium a partir de restos fragmentarios, dos taxones ampliamente utilizados como recurso básico en la economía de los pueblos de los Andes centrales. Con la excepción de Neotomys ebriosus, todas las especies registradas en el yacimiento habitan actualmente en esta región de la Puna. Destaca el registro de N. ebriosus, sólo documentada actualmente en los sectores montañosos húmedos orientales de la región. La amplitud temporal, el carácter exiguo de la muestra, la ausencia de muestras modernas comparables y la modificación antrópica del paisaje local impiden la reconstrucción de las condiciones paleoambientales a partir de los roedores de Tebenquiche Chico.",0,"Micromamíferos, Rodentia, Chinchillidae, Sigmodontinae, Holoceno tardío, Registro zooarqueológico, Altos Andes, Noroeste argentino, Atacama.",0,Archaeofauna,2012,https://revistas.uam.es/archaeofauna/article/view/6399
Scopus,"Ortiz P.E., Rodrigo González F., Pablo Jayat J., Pardiñas U.F.J., Cirignoli S., Teta P.",Diet of the Magellanic Horned Owl (Bubo magellanicus) in Andean localities of northwestern Argentina [DIETA DEL BÚHO MAGALLÁNICO (BUBO MAGELLANICUS) en LOS ANDES DEL NOROESTE ARGENTINO],0,"Se estudió la dieta del Búho Magallánico (Bubo magellanicus) en tres localidades andinas de altura del noroeste de Argentina. De este a oeste, las localidades se ubicaron en tres contextos ambientales diferentes: pastizales de altura de Yungas (Valle Encantado), Monte de Sierras y Bolsones (La Poma) y Puna (Las Cuevas). Se identificaron 1532 ítems presa, mayormente correspondientes a mamíferos con pesos < 500 g y secundariamente aves y artrópodos. Las especies del género Phyllotis, un roedor sigmodontino de hábitos rupícolas y costumbres nocturnas, fueron el ítem más depredado por los búhos. Estudios previos coinciden en destacar la importancia de estos roedores como presas de ésta y otras lechuzas en áreas andinas de altura de Argentina y Chile. En las tres localidades una o dos presas contribuyeron con más del 50% de la biomasa en la dieta. Los valores de nicho trófico estandarizado oscilaron entre 0,07 y 0,33, mientras que el peso medio de las presas varió entre 40,9 y 49,1 g. La amplitud de nicho trófico y este mismo índice estandarizado variaron en forma inversa con la altura, mientras que el peso medio de las presas no varió a lo largo del gradiente. Nuestros resultados son coincidentes con reportes de la literatura que indican que el Búho Magallánico se comporta mayormente como un depredador especializado en el consumo de pequeños mamíferos. No obstante, para lograr un conocimiento integral de la ecología trófica de este búho en áreas andinas de altura son necesarios estudios adicionales que evalúen las fluctuaciones estacionales de las presas así como las relaciones entre estas variaciones y su abundancia real en el campo. Aceptado el 26 de Noviembre de 2010.",0,"Andes, Bubo magellanicus, diet, high altitude grasslands, Monte, northwestern Argentina, Puna",0,Ornitologia Neotropical,2010,http://s3.amazonaws.com/academia.edu.documents/39256506/Ortiz_et_al_2010._Dieta_Bubo.pdf?AWSAccessKeyId=AKIAIWOWYYGZ2Y53UL3A&Expires=1491530058&Signature=ImSPSwXSoJLnJYnj%2FKfhOxhW0L4%3D&response-content-disposition=inline%3B%20filename%3DDieta_del_Buho_Magallanico_Bubo_magellan.pdf